{
    "type": "TXP",
    "title": "RPG16",
    "short_description": "A simple texturepack reminiscent of classic RPGs",
    "tags": [ "16px" ],
    "media_license": "CC-BY-SA-4.0",
    "repo": "https://gitlab.com/Df458/rpg16",
    "website": "https://www.huguesross.net",
    "issue_tracker": "https://gitlab.com/Df458/rpg16/issues",
    "forums": 22890,
    "long_description": "## Game Support\nThe following games are supported:\n\n- Capture the Flag\n- Minetest Game\n- Repixture\n\n## Mod Support\nIn addition to the games, the following mods are supported:\n\n- 3D Armor\n- Awards\n- Basic Grenades\n- Basic Materials\n- Caverealms\n- Darks\n- Email\n- Handholds\n- HBArmor\n- HBHunger\n- HBSprint\n- Hudbars\n- Lava Stuff\n- Magma Conduits\n- Minetest Wadsprint\n- Moon Phases\n- More Blocks\n- More Ores\n- More Trees\n- Multitools\n- Simple Shooter\n- [Stamina](https://content.minetest.net/packages/sofar/stamina/)\n\n**The following mods are deprecated. Textures from them remain for backwards-compatibility, but they no longer receive updates or support:**\n\n- Baked Clay\n- Ethereal NG\n- Mobs Monster\n- Mobs Redo\n\n## Contact\nFor questions, requests, and other communications regarding this work, you can\ncontact the original creator at hugues.ross@gmail.com\n"
}
